Protein.Group	low_moderate_fc	low_moderate_p	low_moderate_B	moderate_high_fc	moderate_high_p	moderate_high_B	diff_fc	diff_B	protein	Protein.Names	Genes	annotate	significant
P01009	2.997240936305478	1.725050093337743e-11	23.639828332085038	1.5179636852177232	1.2795675504796312e-12	26.868754392690338	1.479277251087755	-3.2289260606053	P01009	A1AT_HUMAN	SERPINA1	FALSE	TRUE
Q7Z4H8	0.4290694488217423	0.09623844539894381	-2.6599443713025503	0.3599176769742166	0.03249194641434502	-2.340649662384413	0.06915177184752569	-0.31929470891813727	Q7Z4H8	PLGT3_HUMAN	POGLUT3	FALSE	TRUE
P07360	0.8963575315765774	0.0017736043306880312	2.8479474173218167	0.8464268176964637	3.9908764020569126e-5	5.902747198821732	0.04993071388011372	-3.0547997814999155	P07360	CO8G_HUMAN	C8G	FALSE	TRUE
Q99541	0.45869293470109856	0.06937164488154854	-2.230457795335827	0.41022146598097464	0.003743273507678708	0.3242641292984274	0.04847146872012392	-2.5547219246342543	Q99541	PLIN2_HUMAN	PLIN2	FALSE	TRUE
Q99424	0.36510613648002455	0.013653208545465433	0.057164337102685536	0.32913059229805874	0.001180668795498904	1.8092042529961052	0.0359755441819658	-1.7520399158934197	Q99424	ACOX2_HUMAN	ACOX2	FALSE	TRUE
O15254	0.470479619495245	5.9299185717541e-4	4.205289619664616	0.43687604918408757	1.4822818246633535e-5	6.94369466821815	0.03360357031115746	-2.738405048553534	O15254	ACOX3_HUMAN	ACOX3	FALSE	TRUE
Q709F0	0.30533682089330394	0.007382873589766592	0.9062958413233657	0.2879830220563035	5.59042892693881e-4	2.7371790086364616	0.017353798837000445	-1.8308831673130959	Q709F0	ACD11_HUMAN	ACAD11	FALSE	TRUE
Q9UJM8	0.3142623477305214	0.007335144416828586	0.9671811192983055	0.3208133596617828	2.760979510616177e-4	3.689451608463468	-0.006551011931261397	-2.7222704891651626	Q9UJM8	HAOX1_HUMAN	HAO1	FALSE	TRUE
Q9Y625	0.4481911787779024	0.05800356360440555	-1.9050835024435209	0.4678274555362412	0.009493428527611118	-0.8258110645264383	-0.019636276758338844	-1.0792724379170826	Q9Y625	GPC6_HUMAN	GPC6	FALSE	TRUE
O95210	0.21759683865002163	0.09175400617539022	-2.756833660815557	0.24288998274548174	0.00806251391885572	-0.6411311027237403	-0.0252931440954601	-2.1157025580918165	O95210	STBD1_HUMAN	STBD1	FALSE	TRUE
P09110	0.24710506364637788	0.0477417526448723	-1.6982242337097873	0.2814873470468976	0.0029974035797612967	0.5832374428693594	-0.034382283400519714	-2.2814616765791467	P09110	THIK_HUMAN	ACAA1	FALSE	TRUE
P33897	0.25595196407181825	0.07592164057102023	-2.4258647474616755	0.2914273518012142	0.004733419989033153	0.032779208712891084	-0.03547538772939596	-2.4586439561745665	P33897	ABCD1_HUMAN	ABCD1	FALSE	TRUE
O00116	0.28286485969627895	0.00965166119520375	0.5147022883837913	0.3207894960487683	1.6141965836938166e-4	4.3645144686094905	-0.03792463635248933	-3.8498121802256993	O00116	ADAS_HUMAN	AGPS	FALSE	TRUE
Q9Y263	0.1314364993418675	0.14756963789109845	-3.519899075292384	0.16966234646317133	0.021509071987406442	-1.8680583085754279	-0.038225847121303835	-1.6518407667169561	Q9Y263	PLAP_HUMAN	PLAA	FALSE	TRUE
Q9BV94	0.44359726115301135	0.09650757998366107	-2.6924694705348062	0.4847365226539015	0.018650321193107645	-1.5276908432288323	-0.041139261500890145	-1.164778627305974	Q9BV94	EDEM2_HUMAN	EDEM2	FALSE	TRUE
P19652	0.7862015150981246	8.848721102024015e-6	9.398534358674866	0.8368011709169617	7.24066328169852e-7	10.363645225739372	-0.050599655818837075	-0.9651108670645066	P19652	A1AG2_HUMAN	ORM2	FALSE	TRUE
P00740	0.32889817127748877	0.069432447162018393	-2.274818734285537	0.3851314251177354	0.0032814870582795583	0.46715055229740887	-0.05623325384024663	-2.741969286582946	P00740	FA9_HUMAN	F9	FALSE	TRUE
Q99487	0.19378143780801807	0.07457451188955669	-2.390943769519393	0.252442117364028	0.023334098610528427	-1.9938367577168288	-0.058660679556009926	-0.39710701180256436	Q99487	PAFA2_HUMAN	PAFAH2	FALSE	TRUE
P29122	0.24050692796758927	0.14756963789109845	-3.4767419827126553	0.3072465926645407	0.0303218163486933	-2.3084007691184993	-0.06673966469695142	-1.168341213594156	P29122	PCSK6_HUMAN	PCSK6	FALSE	TRUE
P43251	0.5373106106660908	8.335230996231411e-5	6.702227795854779	0.6086229353860159	7.196128376799521e-6	7.792886715232964	-0.0713123247199251	-1.0906589193781846	P43251	BTD_HUMAN	BTD	FALSE	TRUE
P01023	0.2925072972378094	0.0084895777790991	0.7325226398538227	0.36409548915172646	5.756875984783141e-4	2.6873679955138794	-0.07158819191391708	-1.9548453556600567	P01023	A2MG_HUMAN	A2M	FALSE	TRUE
P21549	0.24629423132138958	0.06162329972897175	-2.0498397123337373	0.31796990061627356	4.881746227914749e-4	2.913372177378962	-0.07167566929488398	-4.963211889712699	P21549	AGT1_HUMAN	AGXT	FALSE	TRUE
Q13608	0.18131058053737825	0.11070910543292246	-3.0585486395039116	0.2559283992248737	0.004974064029515763	-0.025992680640207766	-0.07461781868749545	-3.032555958863704	Q13608	PEX6_HUMAN	PEX6	FALSE	TRUE
P04070	0.5669244402537162	4.4930260212164367e-4	4.706760727651843	0.6417787427415902	1.007846175445086e-4	4.892498072814616	-0.07485430248787395	-0.18573734516277352	P04070	PROC_HUMAN	PROC	FALSE	TRUE
P04040	0.09291902281826893	0.3794801833294574	-5.021395627531681	0.16845735968283562	0.01434488679115601	-1.3400797278897532	-0.0755383368645667	-3.6813158996419277	P04040	CATA_HUMAN	CAT	FALSE	TRUE
P01034	0.38741310382450145	0.1369429530347858	-3.399402497084025	0.4709392159947553	0.030916545399612232	-2.351434215086539	-0.08352611217025385	-1.0479682819974858	P01034	CYTC_HUMAN	CST3	FALSE	TRUE
Q08830	0.45651381120008555	0.0477417526448723	-1.695374542654128	0.5404673137664194	0.005457289629715996	-0.1404174077745841	-0.08395350256633388	-1.554957134879544	Q08830	FGL1_HUMAN	FGL1	FALSE	TRUE
P02743	0.3442580789748827	0.03718871583216295	-1.296040907484059	0.42831978167378276	1.69671392505282e-4	4.303079122909615	-0.08406170269890006	-5.599120030393674	P02743	SAMP_HUMAN	APCS	TRUE	TRUE
Q86YB8	0.4892506802847912	3.531668422209059e-4	5.010127710474664	0.5738837072281358	4.7186255753762385e-5	5.687699048437485	-0.08463302694334457	-0.6775713379628217	Q86YB8	ERO1B_HUMAN	ERO1B	FALSE	TRUE
Q8IXB1	0.2876306817540164	0.08647627119785603	-2.620748134323888	0.3786223282679039	0.00114643816070218	1.867015361546751	-0.09099164651388747	-4.487763495870639	Q8IXB1	DJC10_HUMAN	DNAJC10	FALSE	TRUE
Q86UB9	0.1934364989669542	0.21523307868150196	-4.125263376278721	0.2902801078917321	0.014562017145658598	-1.3580339313089569	-0.09684360892477789	-2.7672294449697645	Q86UB9	TM135_HUMAN	TMEM135	FALSE	TRUE
Q99969	0.5313817265996169	0.04944119308544396	-1.685715147130419	0.6284958447230052	0.003401435764415814	0.42445532947269893	-0.09711411812338833	-2.110170476603118	Q99969	RARR2_HUMAN	RARRES2	FALSE	TRUE
Q8NCW5	0.17783215563794985	0.2004534127353202	-4.008567568030126	0.2796577573964028	0.00201751759382927	1.1385762270021331	-0.10182560175845295	-5.147143795032259	Q8NCW5	NNRE_HUMAN	NAXE	TRUE	TRUE
P04216	0.3289016819435274	0.46617138997671176	-5.258639135198542	0.433586724628733	0.026550090321961185	-2.0343285714242763	-0.10468504268520556	-3.2243105637742655	P04216	THY1_HUMAN	THY1	FALSE	TRUE
Q02809	0.15547775688966003	0.2983231711401326	-4.613804509412817	0.2608186470995648	0.04148636068255158	-2.6970606391156915	-0.10534089020990478	-1.9167438702971253	Q02809	PLOD1_HUMAN	PLOD1	FALSE	TRUE
Q9BSG0	0.5262604371392422	0.041017678267241446	-1.2560604189779863	0.632301333200048	0.002030018188392389	1.1667692424281775	-0.1060408960608058	-2.4228296614061637	Q9BSG0	PADC1_HUMAN	PRADC1	FALSE	TRUE
P11509	0.12451566225751917	0.4219234285274091	-5.235518878506598	0.23207864250871113	0.02116641444298575	-1.8415496950505696	-0.10756298025119196	-3.3939691834560284	P11509	CP2A6_HUMAN	CYP2A6	FALSE	TRUE
P05154	0.9953433677221293	2.2386939513590226e-7	13.356495406211671	1.1031011306728777	1.160278933610437e-10	21.920780214620223	-0.10775776295074846	-8.564284808408551	P05154	IPSP_HUMAN	SERPINA5	TRUE	TRUE
P11216	0.16720450140958604	0.02999486228068163	-0.9929439426302764	0.27992041437400483	4.0003197612805036e-5	5.887286782569257	-0.1127159129644188	-6.880230725199533	P11216	PYGB_HUMAN	PYGB	TRUE	TRUE
Q14739	0.10895607565025016	0.544858230489047	-5.676481127947769	0.23262202123772238	0.008260266366024399	-0.678922958468072	-0.12366594558747222	-4.997558169479697	Q14739	LBR_HUMAN	LBR	FALSE	TRUE
Q96HA9	0.23470502216695993	0.09163459744338419	-2.7436925681627757	0.36451828493186167	5.213077908463681e-4	2.8198151691013376	-0.12981326276490174	-5.563507737264113	Q96HA9	PX11C_HUMAN	PEX11G	TRUE	TRUE
P19827	0.16007793025620104	0.09650757998366107	-2.8462461776338976	0.28990462569917413	9.93489894868354e-4	2.018755093422847	-0.1298266954429731	-4.8650012710567445	P19827	ITIH1_HUMAN	ITIH1	FALSE	TRUE
P07357	0.40297670797902596	0.013653208545465433	0.09297493634220722	0.53576052788164	0.0016760913895368004	1.387410784885609	-0.132783819902614	-1.2944358485434018	P07357	CO8A_HUMAN	C8A	FALSE	TRUE
P00748	0.276275392531466	0.08966067039211383	-2.6958358416539463	0.40955486212152264	8.603296054617728e-4	2.181750075963377	-0.13327946959005665	-4.877585917617323	P00748	FA12_HUMAN	F12	FALSE	TRUE
P05156	0.16727234278450775	0.21848570007009271	-4.152298076815281	0.30254716529475784	0.009714380110688684	-0.8824685555498872	-0.13527482251025008	-3.269829521265394	P05156	CFAI_HUMAN	CFI	FALSE	TRUE
P19971	0.08523471005023392	0.43517679730779524	-5.2898447304296194	0.22051888745350418	0.025103056604266493	-2.089519386252446	-0.13528417740327026	-3.2003253441771733	P19971	TYPH_HUMAN	TYMP	FALSE	TRUE
O94903	0.03811672878913678	0.7651785422402196	-6.204648202657266	0.17394445580505188	0.03380951346132515	-2.4544435452474005	-0.1358277270159151	-3.7502046574098653	O94903	PLPHP_HUMAN	PLPBP	FALSE	TRUE
P09871	0.191813432576235	0.11636936820678508	-3.1594068139502913	0.33182881259064123	6.610523813994575e-4	2.5047416758787655	-0.14001538001440622	-5.664148489829056	P09871	C1S_HUMAN	C1S	TRUE	TRUE
O15527	0.2557309255381889	0.3751918131931272	-4.779692179332508	0.3989654543036506	0.029429732967291865	-2.0030327194220394	-0.14323452876546172	-2.7766594599104684	O15527	OGG1_HUMAN	OGG1	FALSE	TRUE
P30533	0.28920363998146786	0.008570303015890473	0.7134558497726351	0.4339779199733234	1.4145884037244528e-4	4.516033335828313	-0.14477427999185555	-3.802577486055678	P30533	AMRP_HUMAN	LRPAP1	FALSE	TRUE
Q9BSJ8	0.019027529964215525	0.8696397968652941	-6.360422268336186	0.16583231204683085	0.005245039763634279	-0.09510722918612746	-0.14680478208261533	-6.2653150391500585	Q9BSJ8	ESYT1_HUMAN	ESYT1	TRUE	TRUE
O75521	0.018996457581199624	0.9178786582343671	-6.406856375460572	0.16722399013612924	0.034890787281845324	-2.4876926436558264	-0.1482275325549296	-3.919163731804746	O75521	ECI2_HUMAN	ECI2	FALSE	TRUE
P02675	0.0734634355193953	0.6423475171753559	-5.931705584784776	0.22518636629490038	0.008260266366024399	-0.6738744922156688	-0.15172293077550508	-5.257831092569107	P02675	FIBB_HUMAN	FGB	TRUE	TRUE
P00734	0.10207085967100192	0.4766072707654215	-5.448025969955701	0.25434129502886116	0.02018898129103834	-1.7760580125895595	-0.15227043535785922	-3.6719679573661415	P00734	THRB_HUMAN	F2	FALSE	TRUE
Q07065	0.10347260362906766	0.2986145424420232	-4.621221975942151	0.25680539838716926	3.268499177648112e-4	3.458996638846365	-0.1533327947581016	-8.080218614788517	Q07065	CKAP4_HUMAN	CKAP4	TRUE	TRUE
P00450	0.30528646980233937	9.658188769417227e-4	3.6012199952277077	0.4588387485935678	7.565937031739295e-7	10.298788356514201	-0.15355227879122846	-6.697568361286494	P00450	CERU_HUMAN	CP	TRUE	TRUE
Q9UKV5	0.05575774574302573	0.7718776196186967	-6.223247281063853	0.21196350832621114	0.04131453042206516	-2.691409814304359	-0.15620576258318541	-3.5318374667594936	Q9UKV5	AMFR_HUMAN	AMFR	FALSE	TRUE
Q14624	0.11610371992541785	0.2913508008818192	-4.57607063279786	0.2735623640861609	6.851940557079381e-4	2.442391013482478	-0.15745864416074307	-7.018461646280338	Q14624	ITIH4_HUMAN	ITIH4	TRUE	TRUE
P01008	0.9895591731922755	4.125171230159686e-7	12.63687878770925	1.1485951743160172	8.4269332530017e-10	18.665875462017347	-0.15903600112374172	-6.028996674308097	P01008	ANT3_HUMAN	SERPINC1	TRUE	TRUE
P55072	0.020904639990054857	0.831053707430266	-6.310347782441732	0.18083842710849143	0.0038599647755564763	0.2633228597581274	-0.1599337871184366	-6.573670642199859	P55072	TERA_HUMAN	VCP	TRUE	TRUE
Q9Y680	0.29959427989130416	0.1951936807572399	-3.9115451155412453	0.4620534951499405	0.007749482905586629	-0.5906897716879778	-0.16245921525863632	-3.3208553438532675	Q9Y680	FKBP7_HUMAN	FKBP7	FALSE	TRUE
O00469	0.1660748926532749	0.48928177968017783	-5.417260570445049	0.3341585041553888	0.01704554148979881	-1.5437354992944439	-0.16808361150211387	-3.8735250711506053	O00469	PLOD2_HUMAN	PLOD2	FALSE	TRUE
P09382	0.0872302910745265	0.6884865903319873	-6.026901635524961	0.2557388393908511	0.02052230778867359	-1.7938966946144	-0.1685085483163246	-4.233004940910561	P09382	LEG1_HUMAN	LGALS1	FALSE	TRUE
Q9NTJ5	0.003475625397249173	0.9770639577775002	-6.445260119079317	0.17393316212733725	0.004497016148843992	0.08586915536249862	-0.1704575367300881	-6.531129274441816	Q9NTJ5	SAC1_HUMAN	SACM1L	TRUE	TRUE
Q96S66	0.10292140303493422	0.5123207940417617	-5.55869185764251	0.2756913102604909	0.019214039478716975	-1.712697934849439	-0.17276990722555666	-3.8459939227930713	Q96S66	CLCC1_HUMAN	CLCC1	FALSE	TRUE
P16615	-0.012177926311976178	0.9126749602108672	-6.403207101198972	0.1620318358002173	0.027298228870643274	-2.186977131662399	-0.17420976211219347	-4.216229969536573	P16615	AT2A2_HUMAN	ATP2A2	FALSE	TRUE
Q8NBX0	-0.011767873504164611	0.9353105291311234	-6.4234709237629355	0.16504302137594343	0.02840992808167547	-2.2414574938812173	-0.17681089488010804	-4.182013429881718	Q8NBX0	SCPDL_HUMAN	SCCPDH	FALSE	TRUE
P26927	0.195278244308344	0.4356410713993149	-5.183400794344568	0.3731655712914145	0.00904169107871959	-0.7454747398190298	-0.17788732698307047	-4.437926054525538	P26927	HGFL_HUMAN	MST1	FALSE	TRUE
P01031	0.03216200926688302	0.8337853073856971	-6.314234628984028	0.21101120008445293	0.006515119720892872	-0.3581295150612389	-0.1788491908175699	-5.956105113922789	P01031	CO5_HUMAN	C5	TRUE	TRUE
Q8N1S5	0.1381078451748725	0.28716804536321305	-4.549517552934361	0.32181992893251254	4.2632327120849196e-4	3.1074078291250853	-0.18371208375764003	-7.6569253820594465	Q8N1S5	S39AB_HUMAN	SLC39A11	TRUE	TRUE
P02741	0.6538111811479664	0.1820108457716053	-3.510407782210646	0.8393453007830594	0.00046667906139174705	3.222080655381202	-0.18553411963509292	-6.732488437591847	P02741	CRP_HUMAN	CRP	TRUE	TRUE
Q9H173	0.5731270847531046	0.006190224210958238	1.2509601154469516	0.760005105735162	2.2492509762505345e-7	11.558106664539835	-0.1868780209820574	-10.307146549092884	Q9H173	SIL1_HUMAN	SIL1	TRUE	TRUE
Q9HDC9	-0.021128587121758587	0.8471541819432465	-6.330630947842788	0.16955205855630287	0.011039951781448195	-1.0247973426976733	-0.19068064567806145	-5.305833605145114	Q9HDC9	APMAP_HUMAN	APMAP	TRUE	TRUE
Q86U17	0.1346963740644234	0.43731543523184163	-5.298030197155963	0.3260525764835199	0.004960250583080027	-0.019669216798380518	-0.19135620241909648	-5.278360980357583	Q86U17	SPA11_HUMAN	SERPINA11	TRUE	TRUE
P02748	0.013758074603866272	0.97351329711911	-6.4432947944663255	0.207925022014113	0.027627575952634018	-2.2043307968972217	-0.19416694741024673	-4.238963997569104	P02748	CO9_HUMAN	C9	FALSE	TRUE
P01011	0.7589402038251856	7.076365504987898e-8	14.814293090606174	0.9531158924466532	2.1384335474718332e-9	17.366145779253877	-0.1941756886214676	-2.5518526886477026	P01011	AACT_HUMAN	SERPINA3	FALSE	TRUE
Q15067	0.10290439751332953	0.4593581616974736	-5.388046019374041	0.29772614791353985	4.1298996365702316e-4	3.1481528721972776	-0.19482175040021033	-8.536198891571319	Q15067	ACOX1_HUMAN	ACOX1	TRUE	TRUE
P01019	0.5356936434931363	3.6828189992261092e-6	10.330665955575594	0.731577618783349	1.064732613332005e-7	12.440615346969107	-0.19588397529021273	-2.1099493913935135	P01019	ANGT_HUMAN	AGT	FALSE	TRUE
Q9NUQ7	0.011777843387198996	0.9468521499477964	-6.43053155151531	0.20876225655957192	0.044995000589827604	-2.8092655935602444	-0.19698441317237292	-3.6212659579550657	Q9NUQ7	UFSP2_HUMAN	UFSP2	FALSE	TRUE
Q9BQE4	0.4747597180558161	0.0018912004709311179	2.767145784243744	0.6737854055423815	1.0783259528255936e-5	7.328605143868362	-0.1990256874865654	-4.561459359624618	Q9BQE4	SELS_HUMAN	SELENOS	FALSE	TRUE
P38435	0.05194648078498054	0.731013978542489	-6.145456513422754	0.2510815546262992	0.00895852066366351	-0.7748830348916487	-0.19913507384131868	-5.370573478531106	P38435	VKGC_HUMAN	GGCX	TRUE	TRUE
Q96PD5	0.37066739149475386	0.07592164057102023	-2.4269404059914663	0.5703164231535435	0.0024265697753541584	0.883430973603506	-0.1996490316587896	-3.3103713795949723	Q96PD5	PGRP2_HUMAN	PGLYRP2	FALSE	TRUE
O00187	0.5328819489037673	0.14756963789109845	-3.4388181496715116	0.7351045688844431	5.668349807494705e-4	2.7647022526768747	-0.2022226199806758	-6.203520402348387	O00187	MASP2_HUMAN	MASP2	TRUE	TRUE
Q99715	0.008777167314261388	0.966658347339504	-6.440449415807134	0.21356078810287685	0.023490070173580364	-2.003775159537901	-0.20478362078861545	-4.4366742562692325	Q99715	COCA1_HUMAN	COL12A1	FALSE	TRUE
P00492	0.010527651652729538	0.9727806546105239	-6.443026915360321	0.21637516027977924	0.04054443813214047	-2.645065712396634	-0.2058475086270497	-3.7979612029636867	P00492	HPRT_HUMAN	HPRT1	FALSE	TRUE
A2RRP1	0.008406954047556257	0.9593134845274932	-6.43647293498536	0.21818478713597594	0.0036919508367339333	0.3255808853671178	-0.20977783308841969	-6.762053820352478	A2RRP1	NBAS_HUMAN	NBAS	TRUE	TRUE
P08185	0.8268925392329705	2.1340019917733426e-5	8.317896357155298	1.0374085406178788	1.4357223312137383e-6	9.52903749969401	-0.21051600138490834	-1.211141142538711	P08185	CBG_HUMAN	SERPINA6	FALSE	TRUE
P80303	0.01997971289713639	0.9325991500615153	-6.405101590468147	0.23470434144279934	0.04742501443252346	-2.8323127515997815	-0.21472462854566293	-3.572788838868366	P80303	NUCB2_HUMAN	NUCB2	FALSE	TRUE
P00387	-0.05199055923092913	0.6457716016817773	-5.939414527932984	0.1663671016442723	0.02486053302913449	-2.076089492323372	-0.21835766087520142	-3.863325035609612	P00387	NB5R3_HUMAN	CYB5R3	FALSE	TRUE
P02760	0.03808090166114207	0.860598591260126	-6.3498650300826025	0.25697771129535263	0.04488389143769433	-2.803553305558884	-0.21889680963421054	-3.5463117245237186	P02760	AMBP_HUMAN	AMBP	FALSE	TRUE
P02774	0.33454829786701507	0.06442418898453915	-2.132161974992779	0.5561816617597746	0.006629545771010598	-0.38592034906869976	-0.2216333638927595	-1.7462416259240792	P02774	VTDB_HUMAN	GC	FALSE	TRUE
O15173	-0.03933490510493084	0.7601487203458692	-6.194142747338906	0.1863354802487637	0.016680627127242678	-1.5222420540732386	-0.22567038535369455	-4.671900693265667	O15173	PGRC2_HUMAN	PGRMC2	FALSE	TRUE
O00124	0.14186961000761325	0.48078713214031	-5.26443647909558	0.37078990061949885	0.0456750324722591	-2.6352532330467113	-0.2289202906118856	-2.6291832460488687	O00124	UBXN8_HUMAN	UBXN8	FALSE	TRUE
P27824	-0.0590290933136199	0.5522308887409129	-5.698196872859501	0.17365630581571595	0.0026454286765531325	0.7682909514055227	-0.23268539912933583	-6.466487824265024	P27824	CALX_HUMAN	CANX	TRUE	TRUE
Q9UBV2	-0.0018115389102470493	0.9957968587279149	-6.448581918521139	0.23275820835084643	0.019199673980115763	-1.7096150293846453	-0.23456974726109348	-4.738966889136494	Q9UBV2	SE1L1_HUMAN	SEL1L	FALSE	TRUE
P01024	0.1505071514017243	0.058624278975031655	-1.9871524336352504	0.3855389462895821	2.08007031966579e-6	9.10996412951613	-0.23503179488785778	-11.097116563151381	P01024	CO3_HUMAN	C3	TRUE	TRUE
Q99720	0.077949593218799	0.6897766991198886	-6.031123383362592	0.3141452225669544	0.023690098422695104	-1.9261373649174578	-0.23619562934815536	-4.1049860184451346	Q99720	SGMR1_HUMAN	SIGMAR1	FALSE	TRUE
P06276	0.13292495405743007	0.5879500749793054	-5.6299773908801765	0.36992803764501186	0.017040910888042625	-1.3629928900172326	-0.2370030835875818	-4.266984500862944	P06276	CHLE_HUMAN	BCHE	FALSE	TRUE
P02656	0.03855173292346716	0.7770828271424978	-6.233780439405341	0.2759571196529134	0.04203938857867196	-2.7129645213250777	-0.23740538672944625	-3.520815918080263	P02656	APOC3_HUMAN	APOC3	FALSE	TRUE
Q8WVM8	-0.017314092468379786	0.9187397160163793	-6.407667882812988	0.22097008437549676	0.026981733275667635	-2.1698914413163575	-0.23828417684387654	-4.237776441496631	Q8WVM8	SCFD1_HUMAN	SCFD1	FALSE	TRUE
O60568	0.21248429152045675	0.058624278975031655	-1.98646711400536	0.4536714325336755	2.599129504187783e-6	8.873270655029563	-0.24118714101321873	-10.859737769034922	O60568	PLOD3_HUMAN	PLOD3	TRUE	TRUE
P01042	0.1663214835004867	0.2996452493090991	-4.626702635789183	0.40948359750324315	1.4202200361481798e-4	4.501050615341036	-0.24316211400275645	-9.127753251130219	P01042	KNG1_HUMAN	KNG1	TRUE	TRUE
Q96CS3	-0.06383537818227498	0.6790944628569756	-6.016484475312964	0.180247618096171	0.04787681418307486	-2.890569398089861	-0.24408299627844599	-3.1259150772231035	Q96CS3	FAF2_HUMAN	FAF2	FALSE	TRUE
Q9H553	0.02417612964855571	0.8938468634059724	-6.381911209561242	0.27047966995444905	0.024043362741706358	-2.0342122635342674	-0.24630354030589335	-4.347698946026974	Q9H553	ALG2_HUMAN	ALG2	FALSE	TRUE
Q13217	0.10677114307269009	0.42044676403214737	-5.224622457155224	0.3531217305810737	0.0031414418566434394	0.5214389424358528	-0.24635058750838362	-5.746061399591077	Q13217	DNJC3_HUMAN	DNAJC3	TRUE	TRUE
Q9UNW1	0.36766563838580635	0.004473984706715565	1.6939824763971112	0.6144126020628425	4.411470535361859e-5	5.766211397830208	-0.2467469636770362	-4.072228921433097	Q9UNW1	MINP1_HUMAN	MINPP1	FALSE	TRUE
Q96HY6	-0.06154876001098359	0.5210860566003287	-5.606246189697069	0.18602754369557115	0.025103056604266493	-2.0892005258815347	-0.24757630370655473	-3.5170456638155345	Q96HY6	DDRGK_HUMAN	DDRGK1	FALSE	TRUE
Q5JU69	0.11298623168376248	0.6870188028144749	-5.870017966539784	0.3612908097883757	0.019836185180291552	-1.6103024415753548	-0.2483045781046132	-4.259715524964429	Q5JU69	TOR2A_HUMAN	TOR2A	FALSE	TRUE
P50454	0.20911619091768516	0.09175400617539022	-2.754508347364622	0.4576106467440359	1.4422654672102462e-5	6.984575127080074	-0.24849445582635074	-9.739083474444696	P50454	SERPH_HUMAN	SERPINH1	TRUE	TRUE
P08603	0.19640910469251574	0.1655839241419888	-3.7020445463420155	0.4473199826042164	6.851940557079381e-4	2.4370954101550755	-0.25091087791170064	-6.139139956497091	P08603	CFAH_HUMAN	CFH	TRUE	TRUE
Q8NBK3	0.407302279380173	0.08647627119785603	-2.6261231954489985	0.661194306089536	2.8332339532141313e-6	8.771264347068026	-0.253892026709363	-11.397387542517025	Q8NBK3	SUMF1_HUMAN	SUMF1	TRUE	TRUE
Q9UKG9	0.12611523989318493	0.6148620915662579	-5.871144064929884	0.3819073049554401	0.0050196217621781385	-0.015947901614719484	-0.25579206506225516	-5.855196163315164	Q9UKG9	OCTC_HUMAN	CROT	TRUE	TRUE
Q9BZQ6	0.09428609897247334	0.6561640179856064	-5.968588287953525	0.3534755006739767	0.0019255443092331273	1.2089481664159027	-0.2591894017015034	-7.177536454369427	Q9BZQ6	EDEM3_HUMAN	EDEM3	TRUE	TRUE
P06681	0.15635926469301706	0.21069810813807618	-4.075521040056385	0.4163685092092079	7.82994334478844e-4	2.2848866418424034	-0.2600092445161909	-6.3604076818987885	P06681	CO2_HUMAN	C2	TRUE	TRUE
Q9P035	-0.05876112617127269	0.624278733202779	-5.893798199690474	0.20515910691441472	0.00164543949940088	1.3926289486882393	-0.2639202330856874	-7.2864271483787135	Q9P035	HACD3_HUMAN	HACD3	TRUE	TRUE
P02753	0.5317067412448433	0.011100696595132707	0.3378571719359327	0.799002156827731	3.1894445580405654e-7	11.19214343166971	-0.2672954155828877	-10.854286259733776	P02753	RET4_HUMAN	RBP4	TRUE	TRUE
Q7Z5P4	-0.03817986469840166	0.8807037093816448	-6.3696642477695224	0.23076053265441615	0.015470737685861175	-1.443044270615843	-0.26894039735281783	-4.926619977153679	Q7Z5P4	DHB13_HUMAN	HSD17B13	FALSE	TRUE
Q96AJ1	0.22660446713739296	0.38998052652070947	-5.045339638611168	0.4958998749676539	0.0028405424065497853	0.7134278597338293	-0.26929540783026096	-5.758767498344997	Q96AJ1	CLUA1_HUMAN	CLUAP1	TRUE	TRUE
P45877	0.47813393808201066	0.15210092228819116	-3.289362253902672	0.7475141849305451	4.1298996365702316e-4	3.2203011243199153	-0.26938024684853445	-6.509663378222587	P45877	PPIC_HUMAN	PPIC	TRUE	TRUE
Q9BWS9	0.2681113553470164	0.0477417526448723	-1.6951649296241635	0.5393362576052404	3.0264040904526033e-6	8.689517506906101	-0.271224902258224	-10.384682436530266	Q9BWS9	CHID1_HUMAN	CHID1	TRUE	TRUE
Q9UGK3	0.058998487462954455	0.7652459556717901	-6.1735789417039975	0.3335348817375366	0.025742303894684137	-2.0743650344932485	-0.27453639427458215	-4.099213907210749	Q9UGK3	STAP2_HUMAN	STAP2	FALSE	TRUE
Q14554	0.057161136992361465	0.711464085212906	-6.102288119154275	0.3323550373567288	9.652641154575727e-5	4.960420941203838	-0.2751939003643673	-11.062709060358113	Q14554	PDIA5_HUMAN	PDIA5	TRUE	TRUE
Q86WA8	0.11408691905023538	0.45484000425511384	-5.369967031311542	0.39062678021084374	4.1298996365702316e-4	3.150265804162041	-0.27653986116060836	-8.520232835473582	Q86WA8	LONP2_HUMAN	LONP2	TRUE	TRUE
Q9BV81	0.1069770490097046	0.6804752078203858	-5.985886407476048	0.38386295930986414	0.009697893155688945	-0.8094563314699741	-0.2768859103001595	-5.176430076006074	Q9BV81	EMC6_HUMAN	EMC6	TRUE	TRUE
P02655	-0.025088575535467714	0.9038119547335014	-6.392547407861407	0.2530592175752571	0.033000440541259064	-2.424142004585198	-0.27814779311072485	-3.9684054032762095	P02655	APOC2_HUMAN	APOC2	FALSE	TRUE
Q9UK55	0.18602458779236716	0.488044705808697	-5.371200766705356	0.4668376015933942	0.014943432267651118	-1.3782103490990671	-0.2808130138010271	-3.992990417606289	Q9UK55	ZPI_HUMAN	SERPINA10	FALSE	TRUE
P37059	-0.006796600186491241	0.975283404824887	-6.444182172129851	0.2792500113913848	0.0031414418566434394	0.5237539261233284	-0.28604661157787603	-6.96793609825318	P37059	DHB2_HUMAN	HSD17B2	TRUE	TRUE
Q9BU23	-0.05465768677804056	0.7351766563176607	-6.151283755645325	0.23151426480425805	0.021509071987406442	-1.8674516668932926	-0.2861719515822986	-4.283832088752033	Q9BU23	LMF2_HUMAN	LMF2	FALSE	TRUE
P02768	0.22320794016580411	0.02081626708964049	-0.4992726076106866	0.5124314668825045	0.0018977440954112581	1.2332871526656195	-0.2892235267167004	-1.732559760276306	P02768	ALBU_HUMAN	ALB	FALSE	TRUE
P05543	0.6882085470244826	1.4666774794798006e-6	11.299750161850712	0.9830754307495628	1.674464327814707e-8	14.736471958266645	-0.2948668837250802	-3.4367217964159327	P05543	THBG_HUMAN	SERPINA7	FALSE	TRUE
P02750	0.3002600414353169	0.09071215994579054	-2.7262171914707922	0.5953220594707079	0.0019296685561759612	1.2018016441514074	-0.295062018035391	-3.9280188356221997	P02750	A2GL_HUMAN	LRG1	FALSE	TRUE
P49641	0.05514260555340313	0.8696359067568757	-6.327368757569361	0.350407627141032	0.04943076217278441	-2.8192804937250164	-0.2952650215876289	-3.5080882638443445	P49641	MA2A2_HUMAN	MAN2A2	FALSE	TRUE
P55145	0.11370429086805668	0.5734603820079722	-5.765601328945905	0.4096590115964242	0.002809641302806951	0.7055595167310376	-0.29595472072836754	-6.471160845676943	P55145	MANF_HUMAN	MANF	TRUE	TRUE
Q14696	0.24362852042942748	0.01937487388689796	-0.3755255569092908	0.5396617243196393	8.189395609053131e-7	10.199721375109572	-0.2960332038902118	-10.575246932018864	Q14696	MESD_HUMAN	MESD	TRUE	TRUE
P02787	0.37051722504071827	7.695594223320778e-4	3.8759058604114314	0.6668792719732834	1.192961630600592e-5	7.19981796585455	-0.2963620469325652	-3.323912105443118	P02787	TRFE_HUMAN	TF	FALSE	TRUE
P06133	-0.12886842116101632	0.15154317819059984	-3.5620564885211548	0.17241823433130635	0.03359790331201	-2.444762324281607	-0.3012866554923227	-1.117294164239548	P06133	UD2B4_HUMAN	UGT2B4	FALSE	TRUE
P0C0L4	0.13242096645623425	0.09071215994579054	-2.7190933649340123	0.4363568148606353	1.0202711327196589e-7	12.509415443831003	-0.3039358484044011	-15.228508808765016	P0C0L4	CO4A_HUMAN	C4A	TRUE	TRUE
P15586	0.06047053939317318	0.8121635365708658	-6.285441708543726	0.36486753142612155	0.013096645207041168	-1.2427376106001704	-0.30439699203294834	-5.042704097943556	P15586	GNS_HUMAN	GNS	TRUE	TRUE
P04004	0.07021826348038605	0.6560612069592751	-5.965436008506026	0.3751344606813025	2.0084480541341737e-5	6.617534268332371	-0.30491619720091645	-12.582970276838395	P04004	VTNC_HUMAN	VTN	TRUE	TRUE
Q9BVC6	0.039320022987384705	0.7770828271424978	-6.234075794318901	0.3453166450953263	0.0025520369709738206	0.8164681894923103	-0.3059966221079416	-7.050543983811211	Q9BVC6	TM109_HUMAN	TMEM109	TRUE	TRUE
O00748	0.570395334409062	5.5618501654642836e-5	7.262121699517105	0.876959292555816	1.546392803849513e-10	20.977022114352717	-0.30656395814675397	-13.714900414835611	O00748	EST2_HUMAN	CES2	TRUE	TRUE
Q96BI1	-0.02982817414575213	0.8768668106044017	-6.366560352583693	0.2785809481427676	0.029429732967291865	-2.290840627132372	-0.30840912228851974	-4.075719725451321	Q96BI1	S22AI_HUMAN	SLC22A18	FALSE	TRUE
P28070	-0.0335905072796686	0.9038119547335014	-6.392224461002711	0.2760393351387439	0.00888645748053431	-0.7618255331528392	-0.3096298424184125	-5.630398927849872	P28070	PSB4_HUMAN	PSMB4	TRUE	TRUE
P05546	0.3718370778685297	5.057651237761053e-4	4.525515925921543	0.6834188202139629	1.5051506900876222e-7	12.048845388623548	-0.31158174234543323	-7.523329462702004	P05546	HEP2_HUMAN	SERPIND1	TRUE	TRUE
P04217	0.39565770350850094	0.0012322387632416115	3.254642184710158	0.7101742835076994	1.50802128730307e-8	14.866951162294065	-0.31451657999919846	-11.612308977583908	P04217	A1BG_HUMAN	A1BG	TRUE	TRUE
Q9NYU2	0.07680166996821086	0.32404465542704936	-4.75030224251984	0.3917423876923524	9.149631777371786e-8	12.652454266102382	-0.31494071772414156	-17.402756508622222	Q9NYU2	UGGG1_HUMAN	UGGT1	TRUE	TRUE
P00751	0.1196720895651533	0.2732483036500982	-4.472966962485264	0.43974537663551105	2.1394212795290587e-4	4.013429335096648	-0.32007328707035776	-8.486396297581912	P00751	CFAB_HUMAN	CFB	TRUE	TRUE
Q9BS26	0.11959954036223217	0.22341580036923886	-4.188685297470169	0.4411084265928447	1.8154962967408627e-7	11.815489096093774	-0.3215088862306126	-16.004174393563943	Q9BS26	ERP44_HUMAN	ERP44	TRUE	TRUE
P05155	0.2781738044842761	0.007382873589766592	0.9107588795865835	0.6027926064837302	1.3343993840381176e-8	15.079923956978305	-0.32461880199945414	-14.169165077391721	P05155	IC1_HUMAN	SERPING1	TRUE	TRUE
Q8WTS1	0.09642225657134734	0.7389313259180579	-6.14088679563059	0.42476483606792487	0.0019255443092331273	1.2133867546386412	-0.3283425794965775	-7.354273550269231	Q8WTS1	ABHD5_HUMAN	ABHD5	TRUE	TRUE
P25325	-0.1539390071060987	0.11928564617056331	-3.1943032990167883	0.18429208346734272	0.014562017145658598	-1.3596337352261392	-0.3382310905734414	-1.8346695637906492	P25325	THTM_HUMAN	MPST	FALSE	TRUE
Q07812	-0.030521887702799417	0.8636036940433427	-6.352867070871539	0.31255299797881114	0.02141034906080797	-1.8591978270588054	-0.34307488568161054	-4.493669243812733	Q07812	BAX_HUMAN	BAX	FALSE	TRUE
Q9Y4L1	8.013919624172259e-4	0.9961174612550674	-6.448706099773306	0.34774054821085243	8.721905520302479e-7	10.076854573630243	-0.3469391562484352	-16.525560673403547	Q9Y4L1	HYOU1_HUMAN	HYOU1	TRUE	TRUE
Q969H8	0.4128162677457371	0.021261777505318748	-0.5312924377503236	0.7597742160730027	9.200826379167576e-7	10.004770106973059	-0.34695794832726556	-10.536062544723382	Q969H8	MYDGF_HUMAN	MYDGF	TRUE	TRUE
Q9BUN8	0.015452228611066569	0.9383295794251204	-6.425056507200628	0.36594855726885867	0.0034970815952333955	0.3936842835278753	-0.3504963286577921	-6.818740790728503	Q9BUN8	DERL1_HUMAN	DERL1	TRUE	TRUE
P23284	0.25739922949131633	0.018817351192084077	-0.34095714632153307	0.6084876150299643	3.649741518449305e-8	13.697160528618738	-0.35108838553864796	-14.03811767494027	P23284	PPIB_HUMAN	PPIB	TRUE	TRUE
P30101	0.1566063281451166	0.09938740934717394	-2.8920965805626198	0.5106720647547102	1.224161901175404e-7	12.27736912773965	-0.35406573660959356	-15.169465708302269	P30101	PDIA3_HUMAN	PDIA3	TRUE	TRUE
O75356	0.24677566979169488	0.02081626708964049	-0.5047975628003671	0.6046523505188132	6.948128490603364e-9	15.924386787899685	-0.3578766807271183	-16.42918435070005	O75356	ENTP5_HUMAN	ENTPD5	TRUE	TRUE
Q9NZ08	0.3591136552649161	1.646691245608514e-4	5.905168764528757	0.717681999742358	1.557526367490216e-9	17.85212406064742	-0.3585683444774419	-11.946955296118663	Q9NZ08	ERAP1_HUMAN	ERAP1	TRUE	TRUE
Q9NU02	0.15876840544555354	0.7099328392322258	-5.7753459964870615	0.5174478617367123	0.005978635998053779	-0.07225506040302854	-0.35867945629115877	-5.703090936084033	Q9NU02	ANKE1_HUMAN	ANKEF1	TRUE	TRUE
Q96LJ7	-0.1459950579099894	0.2986145424420232	-4.619867886006445	0.21328697665611082	0.017731813305728508	-1.6173570170761487	-0.3592820345661002	-3.0025108689302966	Q96LJ7	DHRS1_HUMAN	DHRS1	FALSE	TRUE
O75718	0.08000948108876767	0.7831384934283928	-6.136091943791494	0.4502574945604307	0.02108751639303589	-1.7126337564289997	-0.37024801347166303	-4.4234581873624945	O75718	CRTAP_HUMAN	CRTAP	FALSE	TRUE
Q9BXT2	0.14715738740312204	0.39174845868988806	-5.1031301620910305	0.5197373341407786	1.8361461873722276e-6	9.250466844773932	-0.3725799467376566	-14.353597006864963	Q9BXT2	CCG6_HUMAN	CACNG6	TRUE	TRUE
Q9NZP8	0.1126265837099326	0.5789666690738163	-5.747096131446804	0.4859410254561705	0.002146387006826292	1.1066764298654252	-0.3733144417462379	-6.853772561312229	Q9NZP8	C1RL_HUMAN	C1RL	TRUE	TRUE
P54289	0.13960577919643774	0.7871561762797532	-5.983342511002728	0.5131262782142515	0.0019511827248933319	1.3618794397586669	-0.37352049901781376	-7.3452219507613945	P54289	CA2D1_HUMAN	CACNA2D1	TRUE	TRUE
O75352	-0.09207402967835357	0.6423475171753559	-5.931056537089274	0.28229135573444464	0.027870915984246854	-2.2145992592948422	-0.3743653854127982	-3.716457277794432	O75352	MPU1_HUMAN	MPDU1	FALSE	TRUE
Q9P2W9	-0.03231753603246847	0.9230485373810556	-6.39561392741468	0.34565750384466265	0.03849115361775619	-2.5577687845986814	-0.3779750398771311	-3.8378451428159988	Q9P2W9	STX18_HUMAN	STX18	FALSE	TRUE
Q8N2K0	-0.10701367325231645	0.5966408511239153	-5.734116317040595	0.27219327363118967	0.017471311633944844	-1.5023866766079355	-0.3792069468835061	-4.231729640432659	Q8N2K0	ABD12_HUMAN	ABHD12	FALSE	TRUE
Q8WU67	-0.09436508656325583	0.6077549384534476	-5.829125555997065	0.28490483336736283	0.02873204256451303	-2.2342275498167607	-0.37926991993061865	-3.594898006180304	Q8WU67	ABHD3_HUMAN	ABHD3	FALSE	TRUE
P07237	0.23713262414852246	0.0062469222000504044	1.1895390812475215	0.616447111064509	1.2970100202650578e-8	15.157912249549703	-0.37931448691598657	-13.968373168302183	P07237	PDIA1_HUMAN	P4HB	TRUE	TRUE
Q9Y2G5	0.3163204888666468	0.005314139468806002	1.4591946926896329	0.6957626377706492	3.2597197881248443e-6	8.599873978132536	-0.37944214890400235	-7.140679285442903	Q9Y2G5	OFUT2_HUMAN	POFUT2	TRUE	TRUE
P0C0L5	-0.026760294379749375	0.9110621027757108	-6.401366126862963	0.3539447255150861	0.012091095681658686	-1.135999333712447	-0.38070501989483546	-5.265366793150516	P0C0L5	CO4B_HUMAN	C4B_2	TRUE	TRUE
P00738	0.1971315444840786	0.13335379175032133	-3.3581601813999735	0.5781010276933969	1.6123882362676427e-10	20.42448705685934	-0.3809694832093183	-23.782647238259315	P00738	HPT_HUMAN	HP	TRUE	TRUE
P07225	0.22916158813672058	0.14756963789109845	-3.530247956171947	0.6109660556465942	2.3272338124625738e-5	6.459258585350224	-0.3818044675098736	-9.989506541522172	P07225	PROS_HUMAN	PROS1	TRUE	TRUE
P14625	-0.014617716492181623	0.9246431752164201	-6.413170969964274	0.3681304414470844	1.2778942358551778e-6	9.662391849030055	-0.38274815793926603	-16.075562818994328	P14625	ENPL_HUMAN	HSP90B1	TRUE	TRUE
Q14697	0.14510890547260977	0.06162329972897175	-2.051713480614713	0.530497109108932	1.8265967272185798e-8	14.478782486674262	-0.3853882036363222	-16.530495967288974	Q14697	GANAB_HUMAN	GANAB	TRUE	TRUE
P11021	0.13076544259783277	0.14756963789109845	-3.51406179681998	0.5177015764948599	3.136748409250739e-8	13.87890836503123	-0.3869361338970272	-17.39297016185121	P11021	BIP_HUMAN	HSPA5	TRUE	TRUE
Q9H3E2	0.002397105384902374	0.9961174612550674	-6.303667764796845	0.3941866453822202	0.0442624263637959	-2.620462596487741	-0.3917895399973178	-3.6832051683091045	Q9H3E2	SNX25_HUMAN	SNX25	FALSE	TRUE
P13667	0.010345498892779836	0.9468521499477964	-6.430823586050393	0.40226050361303134	1.8286948210351362e-7	11.784687766038818	-0.3919150047202515	-18.215511352089212	P13667	PDIA4_HUMAN	PDIA4	TRUE	TRUE
P29622	0.448431702089825	3.529968794921907e-4	5.049567143931946	0.8425937389591033	2.276802035529084e-9	17.227110183500873	-0.39416203686927825	-12.177543039568928	P29622	KAIN_HUMAN	SERPINA4	TRUE	TRUE
Q5SWX8	-0.06679607049149516	0.7714175182174421	-6.221496455041909	0.32911943732309523	0.0219581994566044	-1.8987819452536137	-0.3959155078145904	-4.3227145097882955	Q5SWX8	ODR4_HUMAN	ODR4	FALSE	TRUE
Q15293	0.31516561373395935	0.007349603825052326	0.9541100380981327	0.7117494313538076	2.461982489113805e-9	17.04094351351296	-0.3965838176198483	-16.086833475414828	Q15293	RCN1_HUMAN	RCN1	TRUE	TRUE
A1L0T0	-0.1896303050303751	0.10951651839515991	-3.0362211680195865	0.20791750459790534	0.042453649030868915	-2.7344657695117487	-0.3975478096282804	-0.30175539850783784	A1L0T0	HACL2_HUMAN	ILVBL	FALSE	TRUE
O14791	0.04432438812543231	0.9285058793842407	-6.205239425654722	0.44840278867553784	0.04491590904408392	-2.5859979466672955	-0.4040784005501055	-3.6192414789874263	O14791	APOL1_HUMAN	APOL1	FALSE	TRUE
P27797	0.09394510397545634	0.456063164015438	-5.375996450710946	0.49963642160818994	8.721905520302479e-7	10.078615082958049	-0.4056913176327336	-15.454611533668995	P27797	CALR_HUMAN	CALR	TRUE	TRUE
Q15084	0.176152623507263	0.07181878045343253	-2.3357503478828763	0.5824512648378818	1.6212811256037452e-9	17.720364227566353	-0.40629864133061877	-20.05611457544923	Q15084	PDIA6_HUMAN	PDIA6	TRUE	TRUE
P13671	-0.01613013057973158	0.9293404469860432	-6.418893267115723	0.39083515603699986	1.3403469675436593e-5	7.070836330887769	-0.4069652866167314	-13.489729598003493	P13671	CO6_HUMAN	C6	TRUE	TRUE
P04003	-0.10761891132240016	0.42724940728136607	-5.2551927704035535	0.30324395860647113	7.347473202835311e-4	2.3625727553787197	-0.4108628699288713	-7.617765525782273	P04003	C4BPA_HUMAN	C4BPA	TRUE	TRUE
O95479	0.1316195949667816	0.1977591135925218	-3.986754937041607	0.5438057707183434	1.782900297156993e-8	14.562464023530097	-0.41218617575156175	-18.549218960571704	O95479	G6PE_HUMAN	H6PD	TRUE	TRUE
Q8IZ81	-0.13941893983710354	0.3177265537018844	-4.722120755134239	0.27462072786503294	0.048632949186243994	-2.9084522095129106	-0.4140396677021365	-1.8136685456213284	Q8IZ81	ELMD2_HUMAN	ELMOD2	FALSE	TRUE
Q49AH0	-0.01150733316208036	0.975283404824887	-6.3199706603689165	0.4064807356924301	0.017731813305728508	-1.4991605191122517	-0.41798806885451045	-4.820810141256665	Q49AH0	CDNF_HUMAN	CDNF	FALSE	TRUE
Q96HE7	0.30089204547166776	7.695594223320778e-4	3.8668830194622688	0.7237020545157737	1.7816673983056186e-8	14.618518307762386	-0.422810009044106	-10.751635288300118	Q96HE7	ERO1A_HUMAN	ERO1A	TRUE	TRUE
Q9UMX5	0.37768326552912124	0.02503058618801108	-0.7293272651883447	0.8081508655969769	5.215680837184586e-8	13.314825696185459	-0.43046760006785567	-14.044152961373804	Q9UMX5	NENF_HUMAN	NENF	TRUE	TRUE
Q12955	-0.08927047078380293	0.7669697856436949	-6.1941926744425055	0.34214487097508034	0.047371799070959446	-2.850209000832186	-0.4314153417588833	-3.3439836736103197	Q12955	ANK3_HUMAN	ANK3	FALSE	TRUE
Q8NBJ7	0.281894632222536	6.818657504421233e-4	4.033935143232569	0.7150772008566911	1.546392803849513e-10	21.06057684548001	-0.4331825686341551	-17.026641702247442	Q8NBJ7	SUMF2_HUMAN	SUMF2	TRUE	TRUE
P11226	0.45399696259327127	0.0046665305454485165	1.6392436636075525	0.890010824455469	8.441406923850884e-7	10.149185144727639	-0.4360138618621977	-8.509941481120087	P11226	MBL2_HUMAN	MBL2	TRUE	TRUE
P14314	0.13680253346558754	0.22252714101813847	-4.183511205368082	0.5739450570488414	7.102519334130585e-8	12.980662622441333	-0.4371425235832538	-17.164173827809414	P14314	GLU2B_HUMAN	PRKCSH	TRUE	TRUE
P04196	0.13826034050401712	0.3220944727150049	-4.743409570809467	0.5760941416411126	1.714452614644071e-7	11.896030785309048	-0.43783380113709547	-16.639440356118513	P04196	HRG_HUMAN	HRG	TRUE	TRUE
Q7Z5G4	-0.05907965491986081	0.75961543682710575	-6.1591860231602995	0.3791463228282068	0.03963449304815443	-2.554056387223838	-0.4382259777480676	-3.6051296359364615	Q7Z5G4	GOGA7_HUMAN	GOLGA7	FALSE	TRUE
Q9HCN8	0.1290150480248615	0.4684804981210178	-5.418735126997054	0.5704381378418053	2.2965792959563409e-4	3.896188582551341	-0.4414230898169438	-9.314923709548395	Q9HCN8	SDF2L_HUMAN	SDF2L1	TRUE	TRUE
P30040	0.08503281668165846	0.5154634454495501	-5.577168855814312	0.5346367567049428	2.461982489113805e-9	17.011471723161602	-0.44960394002328435	-22.588640578975912	P30040	ERP29_HUMAN	ERP29	TRUE	TRUE
O94905	-0.07610498165605621	0.44778530075150413	-5.34397443697023	0.3832855714764201	2.926324383202467e-5	6.220798034010995	-0.45939055313247634	-11.564772470981225	O94905	ERLN2_HUMAN	ERLIN2	TRUE	TRUE
P55157	0.03640543943729368	0.7669742000531757	-6.210621565189209	0.4990887113556237	1.6949506736375015e-6	9.34727949731915	-0.46268327191833003	-15.557901062508359	P55157	MTP_HUMAN	MTTP	TRUE	TRUE
O43852	0.2105565232742236	0.06784455422435022	-2.21812686314016	0.6757068726286364	7.583258647463407e-8	12.886171534876596	-0.4651503493544128	-15.104298398016756	O43852	CALU_HUMAN	CALU	TRUE	TRUE
P23141	0.2640581510462013	0.034152459696415116	-1.1752793868308578	0.7296478109314074	1.6123882362676427e-10	20.39663985015815	-0.4655896598852061	-21.571919236989007	P23141	EST1_HUMAN	CES1	TRUE	TRUE
P07711	0.10340261527867764	0.7739126469988532	-5.904565173471372	0.5692695065544555	0.014125754913237013	-1.0885088771169	-0.46586689127577785	-4.816056296354472	P07711	CATL1_HUMAN	CTSL	FALSE	TRUE
Q9H488	0.2695042673182343	0.09650757998366107	-2.8489797379000263	0.737420251950633	1.0523746392643257e-5	7.406409850309406	-0.4679159846323987	-10.255389588209432	Q9H488	OFUT1_HUMAN	POFUT1	TRUE	TRUE
Q9UKY3	0.28431857894712254	0.1057415058436588	-2.973485380166996	0.7554220296881033	7.196128376799521e-6	7.788158640325875	-0.4711034507409808	-10.76164402049287	Q9UKY3	CES1P_HUMAN	CES1P1	TRUE	TRUE
Q96AG3	-0.1084111231186732	0.6253387863988573	-5.896501643496073	0.3642113259674565	0.022660020472749016	-1.9525365243868853	-0.47262244908612966	-3.943965119109188	Q96AG3	S2546_HUMAN	SLC25A46	FALSE	TRUE
Q8NBS9	0.3634337835446004	5.9299185717541e-4	4.194112075423981	0.8365990345424913	1.6123882362676427e-10	20.488272155226575	-0.4731652509978909	-16.294160079802595	Q8NBS9	TXND5_HUMAN	TXNDC5	TRUE	TRUE
P18848	0.06635996975623398	0.7936551216883406	-6.230325877273819	0.5431892602324019	1.69671392505282e-4	4.3947176906525725	-0.4768292904761679	-10.62504356792639	P18848	ATF4_HUMAN	ATF4	TRUE	TRUE
O43826	-0.14491588462138502	0.3882437321875929	-5.082024014933655	0.3351755156972501	0.0023786036135552613	0.9165962362908955	-0.4800914003186352	-5.99862025122455	O43826	G6PT1_HUMAN	SLC37A4	TRUE	TRUE
O95302	0.29446615258337044	0.2539209534841966	-4.275043889120256	0.7753464375879989	3.0493348700359806e-4	3.681366995425881	-0.4808802850046285	-7.956410884546137	O95302	FKBP9_HUMAN	FKBP9	TRUE	TRUE
P05161	0.25424072301071	0.380403438628382	-4.947044262107861	0.7378105107029606	0.002030018188392389	1.2997422645131262	-0.48356978769225056	-6.246786526620987	P05161	ISG15_HUMAN	ISG15	TRUE	TRUE
Q96IY4	0.11726107954222448	0.6785092588729635	-6.014103695023359	0.60223016090875	1.5038407430866633e-5	6.915728886298449	-0.48496908136652556	-12.929832581321808	Q96IY4	CBPB2_HUMAN	CPB2	TRUE	TRUE
Q00G26	-0.19872615044066455	0.3475171344304564	-4.864416144899289	0.2889047112635711	0.02219324293023337	-1.917704814019368	-0.48763086170423564	-2.9467113308799213	Q00G26	PLIN5_HUMAN	PLIN5	FALSE	TRUE
Q13162	0.127732534973388	0.2937868981712664	-4.588070519553981	0.6311200596489425	1.1614442644822389e-9	18.239869544527146	-0.5033875246755545	-22.827940064081126	Q13162	PRDX4_HUMAN	PRDX4	TRUE	TRUE
Q8NBL1	0.11173630327610587	0.60994228069582	-5.823037660624145	0.6196691219478444	1.0783259528255936e-5	7.342241450651609	-0.5079328186717386	-13.165279111275755	Q8NBL1	PGLT1_HUMAN	POGLUT1	TRUE	TRUE
Q4KWH8	-0.06617292243789456	0.8218079372469252	-6.108276368899111	0.4437313844332061	0.006645708734500486	-0.05048098550045488	-0.5099043068711007	-6.057795383398656	Q4KWH8	PLCH1_HUMAN	PLCH1	TRUE	TRUE
P20592	-0.01489339597773017	0.975283404824887	-6.394813437363671	0.4966900345998855	0.018384711535635978	-1.5115940227481657	-0.5115834305776157	-4.883219414615505	P20592	MX2_HUMAN	MX2	FALSE	TRUE
Q9UDY8	0.062210321388749684	0.9104380591290273	-6.349928141458271	0.5769431399731372	0.03916303080931455	-2.5112556725123634	-0.5147328185843875	-3.8386724689459077	Q9UDY8	MALT1_HUMAN	MALT1	FALSE	TRUE
Q96S06	-0.2470690046571017	0.1285805579718617	-3.298589027482152	0.2743311518056264	0.04488389143769433	-2.801491636036805	-0.5214001564627281	-0.4970973914453469	Q96S06	LMF1_HUMAN	LMF1	FALSE	TRUE
Q9Y2B0	0.2559091677443405	0.05655351419200343	-1.9266987918134308	0.7900133067752493	1.3666341226391026e-8	15.00882695800249	-0.5341041390309087	-16.935525749815923	Q9Y2B0	CNPY2_HUMAN	CNPY2	TRUE	TRUE
P02763	0.45158608143803064	0.010801832418818543	0.38126238147309	0.9863248294903298	6.948128490603364e-9	15.87687723819991	-0.5347387480522992	-15.49561485672682	P02763	A1AG1_HUMAN	ORM1	TRUE	TRUE
P27169	-0.28192774556765393	0.10515688179307041	-2.9639064135446946	0.25897923658163663	0.01868098154725504	-1.6740812010926343	-0.5409069821492906	-1.2898252124520604	P27169	PON1_HUMAN	PON1	FALSE	TRUE
Q93096	0.7301426905832528	0.2986145424420232	-4.587826856796345	1.2729016538591624	1.9258423516646636e-8	14.39133692366584	-0.5427589632759097	-18.979163780462184	Q93096	TP4A1_HUMAN	PTP4A1	TRUE	TRUE
Q9UFG5	-0.06522602816793992	0.7152088074661986	-6.092830762665062	0.4826674745397184	0.002396154940145685	0.9016570189762678	-0.5478935027076584	-6.99448778164133	Q9UFG5	CS025_HUMAN	C19orf25	TRUE	TRUE
Q6UWW8	-0.07067556282506661	0.8147456963604068	-6.274466624417562	0.48683760487091604	0.00046667906139174705	2.9974564824501835	-0.5575131676959827	-9.271923106867746	Q6UWW8	EST3_HUMAN	CES3	TRUE	TRUE
Q14257	0.00412814665186445	0.9928983141189939	-6.259422380980345	0.5712113608519214	0.003743273507678708	0.3967160842376156	-0.5670832142000569	-6.6561384652179605	Q14257	RCN2_HUMAN	RCN2	TRUE	TRUE
O60613	-0.06838290335333458	0.8124184353652585	-6.286545613987063	0.5008159726335936	0.0014249016716372947	1.592112507536628	-0.5691988759869282	-7.878658121523691	O60613	SEP15_HUMAN	SELENOF	TRUE	TRUE
Q5NDL2	-0.05172086431334211	0.8962991951083545	-6.0336215074195785	0.5207819907604346	0.0058152415705824256	-0.11722122369107613	-0.5725028550737767	-5.916400283728502	Q5NDL2	EOGT_HUMAN	EOGT	TRUE	TRUE
Q9BT09	-0.042274913470809285	0.910597568750726	-6.384849991188708	0.5335133513428258	0.0020644225212239006	1.1142799714786253	-0.5757882648136351	-7.499129962667333	Q9BT09	CNPY3_HUMAN	CNPY3	TRUE	TRUE
Q32P28	-0.05416865562922559	0.9018954268285304	-6.245152985488758	0.5719500871171858	0.004286213305816186	0.2099616083279754	-0.6261187427464113	-6.455114593816734	Q32P28	P3H1_HUMAN	P3H1	TRUE	TRUE
Q8NHY3	0.36543694603110805	0.23703758400841676	-4.221072505800916	1.001714149018041	0.010573782966921283	-0.930406321880012	-0.636277202986933	-3.290666183920904	Q8NHY3	GA2L2_HUMAN	GAS2L2	FALSE	TRUE
O75477	-0.2303383206572186	0.07904890718922768	-2.491862584087947	0.4166585015956711	8.777258888895602e-5	5.065809070368182	-0.6469968222528897	-7.557671654456129	O75477	ERLN1_HUMAN	ERLIN1	TRUE	TRUE
Q9UBS4	-0.018738324989999323	0.925319680007487	-6.414642630716348	0.6378181935838875	9.715293765931321e-9	15.49337884517755	-0.6565565185738867	-21.908021475893896	Q9UBS4	DJB11_HUMAN	DNAJB11	TRUE	TRUE
P58004	-0.13638654255355165	0.6763611820429928	-5.958476626172481	0.5376097316855295	0.042453649030868915	-2.5949408985343645	-0.6739962742390812	-3.3635357276381166	P58004	SESN2_HUMAN	SESN2	FALSE	TRUE
P49908	-0.05604057813619312	0.9338049648781898	-6.102460380232409	0.6222137111741104	0.03173576727824076	-2.022599686228962	-0.6782542893103035	-4.079860694003447	P49908	SEPP1_HUMAN	SELENOP	FALSE	TRUE
P26885	0.018693896893318945	0.9338049648781898	-6.422181860283013	0.7299954932738466	1.782900297156993e-8	14.539458064043615	-0.7113015963805277	-20.961639924326626	P26885	FKBP2_HUMAN	FKBP2	TRUE	TRUE
Q68DX3	-0.0926706951823986	0.6782439575016651	-5.746055629090643	0.6352360789726401	0.005870871580928036	0.28268289739683894	-0.7279067741550387	-6.028738526487482	Q68DX3	FRPD2_HUMAN	FRMPD2	TRUE	TRUE
O60218	-0.1583749803102895	0.732474135223962	-6.060620068294477	0.6008392764894785	0.04228939085895202	-2.5866670094228104	-0.7592142567997681	-3.4739530588716665	O60218	AK1BA_HUMAN	AKR1B10	FALSE	TRUE
P35749	-0.2589267521995633	0.7342724500774968	-5.935106601614209	0.7250894142544284	0.015412716751309669	-1.137636797956553	-0.9840161664539917	-4.797469803657656	P35749	MYH11_HUMAN	MYH11	FALSE	TRUE
P01040	-0.3311752642906165	0.4711088159754408	-5.424532094094215	0.6616257708836049	0.045919967951388065	-2.83653227801378	-0.9928010351742214	-2.587999816080435	P01040	CYTA_HUMAN	CSTA	FALSE	TRUE
Q7L5L3	-0.2089555161278021	0.849947909944466	-6.014636327204887	1.3178260813842453	0.035829143546509325	-2.1237162434338206	-1.5267815975120473	-3.890920083771066	Q7L5L3	GDPD3_HUMAN	GDPD3	FALSE	TRUE
